dhs_district_hist_norm,DHSREGNA,gp_lgd_code_best,target_gp_name,target_gp_norm,district_lgd,subdistrict_lgd,n_clusters_affected,sample_clusters,sample_villages,candidate_rank,candidate_found,similarity_score,res_gp_display,res_gp_norm,res_samiti_display,candidate_reservation_dose,candidate_reservation_dose_n,candidate_reserved_women_2005,candidate_reserved_women_2010,candidate_reservation_2005,candidate_reservation_2010,target_subdistrict_norm,candidate_samiti_norm,samiti_exact_match,samiti_similarity,samiti_close_match,high_gp_fuzzy_match,fuzzy_samiti_match_category
ajmer,Ajmer,33631,Gurha Khurd,gurhakhurd,Kekri,Bhinay,1,290870,Bagrai,1,True,0.9,gudhakhurd,gudhakhurd,BHINAY,never,0,0,0,GEN,GEN,bhinay,bhinay,True,1.0,True,True,high_confidence_gp_and_exact_samiti
ajmer,Ajmer,33691,Bheemrawas,bheemrawas,Kekri,Kekri,1,291377,Kachariya,1,True,0.9,bheemdawas,bheemdawas,KEKRI,never,0,0,0,GEN,ST,kekri,kekri,True,1.0,True,True,high_confidence_gp_and_exact_samiti
ajmer,Ajmer,33738,Ralawatan,ralawatan,Ajmer,Kishangarh,1,290707,Ralawatan,1,True,0.9411764705882353,ralawata,ralawata,KISHANGARH,once,1,0,1,SC,GENW,kishangarh,kishangarh,True,1.0,True,True,high_confidence_gp_and_exact_samiti
ajmer,Ajmer,33810,Mangaliyawas,mangaliyawas,Ajmer,Peesangan,1,291712,Mangaliyawas,1,True,0.9565217391304348,mangliyawas,mangliyawas,PEESANGAN,never,0,0,0,GEN,OBC,peesangan,peesangan,True,1.0,True,True,high_confidence_gp_and_exact_samiti
alwar,Alwar,34097,Shamda,shamda,Khairthal-Tijara,Mundawar,1,290215,Jeevan Singhpura,1,True,0.9230769230769231,shyamda,shyamda,MANDAWAR,never,0,0,0,SC,GEN,mundawar,mandawar,False,0.875,True,True,high_confidence_gp_and_close_samiti
alwar,Alwar,34265,Baghor,baghor,Khairthal-Tijara,Tijara,1,290313,Neemli,1,True,0.9230769230769231,baghour,baghour,TIJARA,never,0,0,0,GEN,GEN,tijara,tijara,True,1.0,True,True,high_confidence_gp_and_exact_samiti
banswara,Banswara,34339,Bhaler Bhodar,bhalerbhodar,Banswara,Anandpuri,1,291522,Bhaler Chamna,1,True,0.9166666666666666,bhaler bhoder,bhalerbhoder,ANANDPURI,never,0,0,0,ST,ST,anandpuri,anandpuri,True,1.0,True,True,high_confidence_gp_and_exact_samiti
banswara,Banswara,34359,Udaipura Bara,udaipurabara,Banswara,Anandpuri,1,291238,Jalampura,1,True,0.9166666666666666,udaipura bada,udaipurabada,ANANDPURI,once,1,0,1,ST,STW,anandpuri,anandpuri,True,1.0,True,True,high_confidence_gp_and_exact_samiti
banswara,Banswara,34504,Sundani,sundani,Banswara,Garhi,1,290606,Sundani,1,True,0.9230769230769231,sundni,sundni,GARHI,once,1,0,1,ST,STW,garhi,garhi,True,1.0,True,True,high_confidence_gp_and_exact_samiti
banswara,Banswara,34582,Mundari,mundari,Banswara,Kushalgarh,1,291458,Bhandariya,1,True,0.9230769230769231,mundri,mundri,KUSHALGARH,once,1,1,0,ST W,ST,kushalgarh,kushalgarh,True,1.0,True,True,high_confidence_gp_and_exact_samiti
baran,Baran,34702,Barlan,barlan,Baran,Atru,1,291413,Barlan,1,True,0.9090909090909091,barla,barla,ATRU,once,1,1,0,GEN W,GEN,atru,atru,True,1.0,True,True,high_confidence_gp_and_exact_samiti
baran,Baran,34728,Sakatpur,sakatpur,Baran,Atru,1,290024,Sakatpur,1,True,0.9411764705882353,sakatpura,sakatpura,ATRU,once,1,0,1,GEN,GENW,atru,atru,True,1.0,True,True,high_confidence_gp_and_exact_samiti
baran,Baran,34798,Kachanaria Kala,kachanariakala,Baran,Chhipabarod,1,291733,Patri,1,True,0.9333333333333333,kachanariya kalan,kachanariyakalan,CHHIPABAROD,twice,2,1,1,GEN W,GENW,chhipabarod,chhipabarod,True,1.0,True,True,high_confidence_gp_and_exact_samiti
baran,Baran,34811,Set Kolu,setkolu,Baran,Chhipabarod,1,290940,Bor Kheri,1,True,0.9333333333333333,setukolu,setukolu,CHHIPABAROD,never,0,0,0,OBC,GEN,chhipabarod,chhipabarod,True,1.0,True,True,high_confidence_gp_and_exact_samiti
bharatpur,Bharatpur,35313,Kasot,kasot,Deeg,Deeg,1,291241,Kasot,1,True,0.9090909090909091,kasoot,kasoot,DEEG,once,1,1,0,GEN W,GEN,deeg,deeg,True,1.0,True,True,high_confidence_gp_and_exact_samiti
bharatpur,Bharatpur,35393,Lakhan,lakhan,Deeg,Kumher,1,290351,Adhaiya Khurd,1,True,1.0,lakhan,lakhan,KUMHER,twice,2,1,1,GEN W,GENW,kumher,kumher,True,1.0,True,True,high_confidence_gp_and_exact_samiti
bharatpur,Bharatpur,35448,Talchhera,talchhera,Bharatpur,Nadbai,1,290731,Saindoli,1,True,0.9411764705882353,talchera,talchera,NADBAI,never,0,0,0,GEN,GEN,nadbai,nadbai,True,1.0,True,True,high_confidence_gp_and_exact_samiti
bhilwara,Bhilwara,35721,Bhragunagar,bhragunagar,Shahpura,Jahazpur,1,290773,Padampura,1,True,0.9523809523809523,bhagunagar,bhagunagar,JAHAZPUR,never,0,0,0,GEN,GEN,jahazpur,jahazpur,True,1.0,True,True,high_confidence_gp_and_exact_samiti
bhilwara,Bhilwara,35771,Lasadiya,lasadiya,Shahpura,Kotri,1,291658,Lasariya,1,True,1.0,lasadiya,lasadiya,KOTRI,never,0,0,0,GEN,GEN,kotri,kotri,True,1.0,True,True,high_confidence_gp_and_exact_samiti
bhilwara,Bhilwara,35783,Almas,almas,Bhilwara,Mandal,1,290320,Gordhanpura,1,True,0.9090909090909091,aalmas,aalmas,MANDAL,once,1,0,1,GEN,GENW,mandal,mandal,True,1.0,True,True,high_confidence_gp_and_exact_samiti
bhilwara,Bhilwara,35826,Barundni,barundni,Bhilwara,Mandalgarh,1,290211,Baroondni,1,True,0.9411764705882353,barundani,barundani,MANDALGARH,once,1,0,1,ST,GENW,mandalgarh,mandalgarh,True,1.0,True,True,high_confidence_gp_and_exact_samiti
bhilwara,Bhilwara,35832,Dhakar Kheri,dhakarkheri,Bhilwara,Mandalgarh,1,290005,Heengwaniya,1,True,0.9090909090909091,dhakarkhedi,dhakarkhedi,MANDALGARH,never,0,0,0,GEN,SC,mandalgarh,mandalgarh,True,1.0,True,True,high_confidence_gp_and_exact_samiti
bhilwara,Bhilwara,35873,Ashaholi,ashaholi,Bhilwara,Raipur,1,290907,Ashaholi,1,True,0.9411764705882353,aashaholi,aashaholi,RAIPUR,once,1,1,0,GEN W,OBC,raipur,raipur,True,1.0,True,True,high_confidence_gp_and_exact_samiti
bikaner,Bikaner,36145,Himmatasar,himmatasar,Bikaner,Nokha,1,291286,Himatsar,1,True,0.9473684210526315,himmatsar,himmatsar,NOKHA,twice,2,1,1,SC W,GENW,nokha,nokha,True,1.0,True,True,high_confidence_gp_and_exact_samiti
bikaner,Bikaner,36158,Kudsu,kudsu,Bikaner,Nokha,1,290143,Khara,1,True,0.9090909090909091,kudasu,kudasu,NOKHA,once,1,0,1,GEN,GENW,nokha,nokha,True,1.0,True,True,high_confidence_gp_and_exact_samiti
bikaner,Bikaner,36191,Dheerdesar Chotiyan,dheerdesarchotiyan,Bikaner,Sridungargarh,1,290599,Dheerdesar Chotiyan,1,True,0.9142857142857143,dhirdesar chotiyan,dhirdesarchotiyan,DUNGARGARH,never,0,0,0,GEN,GEN,sridungargarh,dungargarh,False,0.8695652173913043,True,True,high_confidence_gp_and_close_samiti
bikaner,Bikaner,36205,Seruna,seruna,Bikaner,Sridungargarh,1,290069,Sheruna,1,True,0.9230769230769231,sheruna,sheruna,DUNGARGARH,once,1,0,1,GEN,SCW,sridungargarh,dungargarh,False,0.8695652173913043,True,True,high_confidence_gp_and_close_samiti
bundi,Bundi,36213,Akoda,akoda,Bundi,Hindoli,1,290803,Siyana,1,True,0.9090909090909091,aakoda,aakoda,HINDOLI,never,0,0,0,GEN,SC,hindoli,hindoli,True,1.0,True,True,high_confidence_gp_and_exact_samiti
bundi,Bundi,36223,Chhabariyon Ka Naya Gaon,chhabariyonkanayagaon,Bundi,Hindoli,1,291078,Chhabariyon Ka Naya Gaon,1,True,0.9047619047619048,chhabadiyon ka nayawaon,chhabadiyonkanayawaon,HINDOLI,once,1,1,0,GEN W,GEN,hindoli,hindoli,True,1.0,True,True,high_confidence_gp_and_exact_samiti
bundi,Bundi,36300,Antarda,antarda,Bundi,Nainwa,1,290575,Arnetha,1,True,0.9333333333333333,aantarda,aantarda,NAINWA,once,1,0,1,OBC,STW,nainwa,nainwa,True,1.0,True,True,high_confidence_gp_and_exact_samiti
bundi,Bundi,36350,Dora,dora,Bundi,Talera,2,290141 | 291122,Bijari | Shyopuriya,1,True,1.0,dora,dora,TALERA,never,0,0,0,ST,GEN,talera,talera,True,1.0,True,True,high_confidence_gp_and_exact_samiti
chittorgarh,Chittaurgarh,36475,Samariyan Kalan,samariyankalan,Chittorgarh,Begun,1,290991,Gorlan,1,True,0.9629629629629629,samariya kalan,samariyakalan,BEGUN,once,1,1,0,GEN W,SC,begun,begun,True,1.0,True,True,high_confidence_gp_and_exact_samiti
chittorgarh,Chittaurgarh,36478,Akola Kalan,akolakalan,Chittorgarh,Bhadesar,1,290704,Fatehpura,1,True,0.9523809523809523,aakola kalan,aakolakalan,BHADESAR,never,0,0,0,GEN,GEN,bhadesar,bhadesar,True,1.0,True,True,high_confidence_gp_and_exact_samiti
chittorgarh,Chittaurgarh,36539,Nilodh,nilodh,Chittorgarh,Bhupalsagar,1,291022,Nilod,1,True,0.9090909090909091,nilod,nilod,BHOPALSAGAR,once,1,1,0,SC W,ST,bhupalsagar,bhopalsagar,False,0.9090909090909091,True,True,high_confidence_gp_and_close_samiti
chittorgarh,Chittaurgarh,36612,Bhatoli Bagriyan,bhatolibagriyan,Chittorgarh,Dungla,1,290052,Bhatoli Bagariyan,1,True,0.967741935483871,bhatoli bagariyan,bhatolibagariyan,DUNGLA,never,0,0,0,GEN,GEN,dungla,dungla,True,1.0,True,True,high_confidence_gp_and_exact_samiti
chittorgarh,Chittaurgarh,36614,Biloda,biloda,Chittorgarh,Dungla,1,290848,Bhana-Kheri,1,True,1.0,biloda,biloda,DUNGLA,twice,2,1,1,OBC W,OBCW,dungla,dungla,True,1.0,True,True,high_confidence_gp_and_exact_samiti
churu,Churu,36920,Bhukansar Chhota,bhukansarchhota,Churu,Sardarshahar,1,291499,Jetsisariya,1,True,0.9655172413793104,bukansar chhota,bukansarchhota,SARDAR SHAHAR,never,0,0,0,GEN,SC,sardarshahar,sardarshahar,True,1.0,True,True,high_confidence_gp_and_exact_samiti
churu,Churu,36939,Melusar,melusar,Churu,Sardarshahar,1,290747,Melusar,1,True,1.0,melusar,melusar,SARDAR SHAHAR,once,1,0,1,SC,GENW,sardarshahar,sardarshahar,True,1.0,True,True,high_confidence_gp_and_exact_samiti
dausa,Dausa,37069,Peechupara Kalan,peechuparakalan,Dausa,Bandikui,1,291360,Goojarwas,1,True,0.9333333333333333,peechupada kalan,peechupadakalan,BANDIKUI,once,1,1,0,GEN W,ST,bandikui,bandikui,True,1.0,True,True,high_confidence_gp_and_exact_samiti
dungarpur,Dungarpur,37410,Badoda,badoda,Dungarpur,Aspur,1,291223,Barhoda,1,True,1.0,badoda,badoda,ASPUR,once,1,1,0,ST W,ST,aspur,aspur,True,1.0,True,True,high_confidence_gp_and_exact_samiti
dungarpur,Dungarpur,37487,Oda Bada,odabada,Dungarpur,Bichhiwara,1,291551,Ora Bara,1,True,0.9333333333333333,aodabada,aodabada,BICHHIWARA,twice,2,1,1,ST W,STW,bichhiwara,bichhiwara,True,1.0,True,True,high_confidence_gp_and_exact_samiti
ganganagar,Ganganagar,37709,65 Gb,65gb,Anupgarh,Anupgarh,2,290506 | 291112,65 GB,1,True,1.0,65 gb,65gb,ANUPGARH,twice,2,1,1,GEN W,GENW,anupgarh,anupgarh,True,1.0,True,True,high_confidence_gp_and_exact_samiti
ganganagar,Ganganagar,37779,15 O,15o,Ganganagar,Karanpur,1,291715,14 O,1,True,1.0,15 o,15o,KARANPUR,twice,2,1,1,SC W,GENW,karanpur,karanpur,True,1.0,True,True,high_confidence_gp_and_exact_samiti
ganganagar,Ganganagar,37859,66 Rb,66rb,Anupgarh,Raisinghnagar,1,291046,11 PS,1,True,1.0,66 rb,66rb,RAISINGHNAGAR,never,0,0,0,OBC,SC,raisinghnagar,raisinghnagar,True,1.0,True,True,high_confidence_gp_and_exact_samiti
ganganagar,Ganganagar,37924,Sardarpura Jivan,sardarpurajivan,Ganganagar,Sadulshahar,1,290433,13 SDP  (Jameetasinghwala),1,True,0.9032258064516129,sardarpura jeevan,sardarpurajeevan,SADULSHAHAR,once,1,0,1,GEN,GENW,sadulshahar,sadulshahar,True,1.0,True,True,high_confidence_gp_and_exact_samiti
hanumangarh,Hanumangarh,38064,Jorkiyan,jorkiyan,Hanumangarh,Hanumangarh,2,290030 | 291465,16 MMK,1,True,0.9333333333333333,jorkiya,jorkiya,HANUMANGARH,never,0,0,0,GEN,SC,hanumangarh,hanumangarh,True,1.0,True,True,high_confidence_gp_and_exact_samiti
hanumangarh,Hanumangarh,38179,Kikarali,kikarali,Hanumangarh,Nohar,1,290771,ASARJANA,1,True,0.9333333333333333,kikrali,kikrali,NOHAR,once,1,0,1,GEN,GENW,nohar,nohar,True,1.0,True,True,high_confidence_gp_and_exact_samiti
jaipur,Jaipur,38619,Dahmi Kalan,dahmikalan,Jaipur,Sanganer,1,291589,Dahmi Kalan,1,True,0.9,dehmikalan,dehmikalan,SANGANER,never,0,0,0,GEN,SC,sanganer,sanganer,True,1.0,True,True,high_confidence_gp_and_exact_samiti
jaisalmer,Jaisalmer,38716,Chandhan,chandhan,Jaisalmer,Jaisalmer,1,290477,Karmon Ki Dhani,1,True,0.9333333333333333,chandan,chandan,JAISALMER,once,1,0,1,OBC,SCW,jaisalmer,jaisalmer,True,1.0,True,True,high_confidence_gp_and_exact_samiti
jalore,Jalor,38876,Bhagal Septa,bhagalsepta,Jalore,Bhinmal,1,290225,Nasoli,1,True,0.9565217391304348,bhagalsephta,bhagalsephta,BHINMAL,never,0,0,0,OBC,GEN,bhinmal,bhinmal,True,1.0,True,True,high_confidence_gp_and_exact_samiti
jalore,Jalor,38899,Narta,narta,Jalore,Bhinmal,1,290068,Narta,1,True,1.0,narta,narta,BHINMAL,once,1,0,1,GEN,GENW,bhinmal,bhinmal,True,1.0,True,True,high_confidence_gp_and_exact_samiti
jalore,Jalor,38911,Bakara Road,bakararoad,Jalore,Jalore,1,291643,Bakraroad,1,True,0.9473684210526315,bakra road,bakraroad,JALORE,once,1,0,1,GEN,GENW,jalore,jalore,True,1.0,True,True,high_confidence_gp_and_exact_samiti
jalore,Jalor,38965,Akhrad,akhrad,Sanchore,Raniwara,2,290757 | 291138,Dadoki | Daulatpura,1,True,0.9230769230769231,aakhrad,aakhrad,RANIWARA,never,0,0,0,GEN,SC,raniwara,raniwara,True,1.0,True,True,high_confidence_gp_and_exact_samiti
jalore,Jalor,39055,Sayla,sayla,Jalore,Sayla,1,290080,Sayla,1,True,0.9090909090909091,sayala,sayala,SAYLA,once,1,1,0,SC W,GEN,sayla,sayla,True,1.0,True,True,high_confidence_gp_and_exact_samiti
jhalawar,Jhalawar,39096,Nanor,nanor,Jhalawar,Bakani,1,290809,Maheshpura,1,True,0.9090909090909091,nanore,nanore,BAKANI,never,0,0,0,GEN,OBC,bakani,bakani,True,1.0,True,True,high_confidence_gp_and_exact_samiti
jhunjhunu,Jhunjhunun,39408,Khudana,khudana,Jhunjhunu,Chirawa,1,290011,Khudana,1,True,1.0,khudana,khudana,CHIRAWA,once,1,1,0,GEN W,GEN,chirawa,chirawa,True,1.0,True,True,high_confidence_gp_and_exact_samiti
jhunjhunu,Jhunjhunun,39553,Kakora,kakora,Jhunjhunu,Surajgarh,1,290105,Khyaliyon Ki Dhani,1,True,1.0,kakora,kakora,SURAJGARH,once,1,1,0,SC W,OBC,surajgarh,surajgarh,True,1.0,True,True,high_confidence_gp_and_exact_samiti
jodhpur,Jodhpur,39670,Artiya Kalan,artiyakalan,Jodhpur (Gramin),Bhopalgarh,1,291301,Artiya Kalan,1,True,0.9523809523809523,artiya kala,artiyakala,BHOPALGARH,twice,2,1,1,GEN W,SCW,bhopalgarh,bhopalgarh,True,1.0,True,True,high_confidence_gp_and_exact_samiti
karauli,Karauli,39986,Kyarda Khurd,kyardakhurd,Karauli,Hindaun,1,290765,Kyarda Khurd,1,True,0.9565217391304348,kayarda khurd,kayardakhurd,HINDAUN,once,1,0,1,ST,GENW,hindaun,hindaun,True,1.0,True,True,high_confidence_gp_and_exact_samiti
kota,Kota,40262,Mandliya,mandliya,Kota,Ladpura,2,290611 | 291350,Bakshpura | Mandalya,1,True,0.9411764705882353,mandaliya,mandaliya,LADPURA,never,0,0,0,SC,GEN,ladpura,ladpura,True,1.0,True,True,high_confidence_gp_and_exact_samiti
nagaur,Nagaur,40409,Khojash,khojash,Didwana-Kuchaman,Didwana,1,291722,Dhigariya,1,True,0.9230769230769231,khojas,khojas,DIDWANA,once,1,0,1,GEN,GENW,didwana,didwana,True,1.0,True,True,high_confidence_gp_and_exact_samiti
nagaur,Nagaur,40444,Chhajoli,chhajoli,Nagaur,Jayal,1,291663,Bhiniyad Chak-2 (B),1,True,0.9411764705882353,chhanjoli,chhanjoli,JAYAL,once,1,1,0,GEN W,GEN,jayal,jayal,True,1.0,True,True,high_confidence_gp_and_exact_samiti
nagaur,Nagaur,40449,Dotina,dotina,Nagaur,Jayal,1,291285,Dotina,1,True,1.0,dotina,dotina,JAYAL,never,0,0,0,GEN,OBC,jayal,jayal,True,1.0,True,True,high_confidence_gp_and_exact_samiti
nagaur,Nagaur,40462,Khatu Kallan,khatukallan,Nagaur,Jayal,1,291448,Dheejpura,1,True,0.9523809523809523,khatukalan,khatukalan,JAYAL,never,0,0,0,SC,GEN,jayal,jayal,True,1.0,True,True,high_confidence_gp_and_exact_samiti
nagaur,Nagaur,40487,Charnwas,charnwas,Didwana-Kuchaman,Kuchaman City,1,291564,Charanwas,1,True,0.9411764705882353,charnawas,charnawas,KUCHAMANCITY,never,0,0,0,SC,OBC,kuchamancity,kuchamancity,True,1.0,True,True,high_confidence_gp_and_exact_samiti
pali,Pali,40805,Bijapur,bijapur,Pali,Bali,1,290709,Beejapur,1,True,1.0,bijapur,bijapur,BALI,once,1,0,1,SC,STW,bali,bali,True,1.0,True,True,high_confidence_gp_and_exact_samiti
pali,Pali,40809,Dhani,dhani,Pali,Bali,1,290118,Karlai,1,True,1.0,dhani,dhani,BALI,never,0,0,0,GEN,GEN,bali,bali,True,1.0,True,True,high_confidence_gp_and_exact_samiti
pali,Pali,40855,Nadol,nadol,Pali,Desuri,1,290462,Nadol,1,True,1.0,nadol,nadol,DESURI,twice,2,1,1,OBC W,SCW,desuri,desuri,True,1.0,True,True,high_confidence_gp_and_exact_samiti
pali,Pali,40860,Anandpur Kalu,anandpurkalu,Beawar,Jaitaran,1,290972,Anandpur Kalu With Chak,1,True,0.9166666666666666,anadpur kalau,anadpurkalau,JAITARAN,once,1,0,1,GEN,GENW,jaitaran,jaitaran,True,1.0,True,True,high_confidence_gp_and_exact_samiti
pali,Pali,40969,Biratiya Khurd,biratiyakhurd,Beawar,Raipur,1,290260,Birantiya Khurd,1,True,0.9629629629629629,birantiya khurd,birantiyakhurd,RAIPUR,never,0,0,0,OBC,SC,raipur,raipur,True,1.0,True,True,high_confidence_gp_and_exact_samiti
pali,Pali,40993,Ratdiya,ratdiya,Beawar,Raipur,1,290515,Ratdiya,1,True,0.9333333333333333,raatdiya,raatdiya,RAIPUR,once,1,0,1,GEN,GENW,raipur,raipur,True,1.0,True,True,high_confidence_gp_and_exact_samiti
pali,Pali,41060,Dhakri,dhakri,Pali,Sojat,1,291082,Bagawas,1,True,0.9230769230769231,dhakari,dhakari,SOJAT,twice,2,1,1,GEN W,GENW,sojat,sojat,True,1.0,True,True,high_confidence_gp_and_exact_samiti
pali,Pali,41087,Surayta,surayta,Pali,Sojat,1,291717,Kanawas,1,True,0.9333333333333333,surayata,surayata,SOJAT,once,1,0,1,SC,GENW,sojat,sojat,True,1.0,True,True,high_confidence_gp_and_exact_samiti
pali,Pali,41102,Gogara,gogara,Pali,Sumerpur,1,291283,Gogra,1,True,0.9090909090909091,gogra,gogra,SUMERPUR,never,0,0,0,OBC,GEN,sumerpur,sumerpur,True,1.0,True,True,high_confidence_gp_and_exact_samiti
pratapgarh,Pratapgarh,36410,Kotri,kotri,Pratapgarh,Arnod,1,290767,Kotri,1,True,0.9090909090909091,kotari,kotari,ARNOD,once,1,0,1,ST,STW,arnod,arnod,True,1.0,True,True,high_confidence_gp_and_exact_samiti
pratapgarh,Pratapgarh,36755,Rathajana,rathajana,Pratapgarh,Pratapgarh,1,291708,Rathajana,1,True,0.9473684210526315,rathanjana,rathanjana,PRATAPGARH,twice,2,1,1,ST W,STW,pratapgarh,pratapgarh,True,1.0,True,True,high_confidence_gp_and_exact_samiti
pratapgarh,Pratapgarh,36757,Sidh Pura,sidhpura,Pratapgarh,Pratapgarh,1,291143,Sidhpura,1,True,0.9411764705882353,siddhpura,siddhpura,PRATAPGARH,never,0,0,0,ST,ST,pratapgarh,pratapgarh,True,1.0,True,True,high_confidence_gp_and_exact_samiti
pratapgarh,Pratapgarh,42323,Devla,devla,Pratapgarh,Dhariawad,2,290236 | 291032,Deola,1,True,0.9090909090909091,devala,devala,DHARIAWAD,once,1,0,1,ST,STW,dhariawad,dhariawad,True,1.0,True,True,high_confidence_gp_and_exact_samiti
rajsamand,Rajsamand,41134,Sakarda,sakarda,Rajsamand,Amet,1,290028,Sakarda,1,True,0.9333333333333333,sakarada,sakarada,AMET,once,1,1,0,OBC W,GEN,amet,amet,True,1.0,True,True,high_confidence_gp_and_exact_samiti
rajsamand,Rajsamand,41149,Kachhbali,kachhbali,Rajsamand,Bhim,1,290213,Payari,1,True,0.9473684210526315,kachhabali,kachhabali,BHIM,once,1,0,1,GEN,GENW,bhim,bhim,True,1.0,True,True,high_confidence_gp_and_exact_samiti
rajsamand,Rajsamand,41183,Swadari(A),swadaria,Rajsamand,Deogarh,2,291118 | 291731,Beer Deogarh | Swadari  (B),1,True,0.9333333333333333,swadari,swadari,DEOGARH,never,0,0,0,GEN,ST,deogarh,deogarh,True,1.0,True,True,high_confidence_gp_and_exact_samiti
rajsamand,Rajsamand,41281,Mehanduriya,mehanduriya,Rajsamand,Railmagra,1,290641,Mahenduriya,1,True,0.9090909090909091,mehinduriya,mehinduriya,RAILMAGRA,once,1,1,0,GEN W,GEN,railmagra,railmagra,True,1.0,True,True,high_confidence_gp_and_exact_samiti
sawaimadhopur,Sawai Madhopur,41370,Galad Kalan,galadkalan,Sawai Madhopur,Bonli,1,290961,Galad Khurd,1,True,0.9473684210526315,galadkala,galadkala,BONLI,once,1,0,1,ST,GENW,bonli,bonli,True,1.0,True,True,high_confidence_gp_and_exact_samiti
sikar,Sikar,41551,Mandha (Surera),mandhasurera,Sikar,Danta Ramgarh,1,291517,Mandha  (Surera),1,True,0.9565217391304348,mandh (surera),mandhsurera,DANTA RAMGARH,once,1,0,1,GEN,GENW,dantaramgarh,dantaramgarh,True,1.0,True,True,high_confidence_gp_and_exact_samiti
sirohi,Sirohi,41892,Nandiya,nandiya,Sirohi,Pindwara,1,290413,Nandiya,1,True,0.9230769230769231,nadiya,nadiya,PINDWARA,once,1,0,1,SC,STW,pindwara,pindwara,True,1.0,True,True,high_confidence_gp_and_exact_samiti
sirohi,Sirohi,41963,Posaliyan,posaliyan,Sirohi,Sheoganj,1,291027,Posaliya,1,True,0.9411764705882353,posaliya,posaliya,SHEOGANJ,once,1,0,1,ST,SCW,sheoganj,sheoganj,True,1.0,True,True,high_confidence_gp_and_exact_samiti
sirohi,Sirohi,41978,Jaila,jaila,Sirohi,Sirohi,1,290507,Nimbora,1,True,1.0,jaila,jaila,SIROHI,once,1,0,1,GEN,SCW,sirohi,sirohi,True,1.0,True,True,high_confidence_gp_and_exact_samiti
sirohi,Sirohi,41995,Tawari,tawari,Sirohi,Sirohi,1,291637,Tawari,1,True,0.9230769230769231,tanwari,tanwari,SIROHI,never,0,0,0,OBC,GEN,sirohi,sirohi,True,1.0,True,True,high_confidence_gp_and_exact_samiti
tonk,Tonk,42005,Chandali,chandali,Tonk,Deoli,1,291669,Chandli,1,True,0.9333333333333333,chandli,chandli,DEOLI,twice,2,1,1,GEN W,STW,deoli,deoli,True,1.0,True,True,high_confidence_gp_and_exact_samiti
tonk,Tonk,42034,Sanwatgarh,sanwatgarh,Tonk,Deoli,1,291523,Sanwatgarh,1,True,0.9,sawantgarh,sawantgarh,DEOLI,never,0,0,0,GEN,SC,deoli,deoli,True,1.0,True,True,high_confidence_gp_and_exact_samiti
tonk,Tonk,42053,Jhadali,jhadali,Tonk,Malpura,1,291200,Jharli,1,True,0.9230769230769231,jhadli,jhadli,MALPURA,never,0,0,0,GEN,OBC,malpura,malpura,True,1.0,True,True,high_confidence_gp_and_exact_samiti
tonk,Tonk,42069,Sindoliya,sindoliya,Tonk,Malpura,1,290135,Sindoliya,1,True,0.9473684210526315,sindholiya,sindholiya,MALPURA,twice,2,1,1,GEN W,GENW,malpura,malpura,True,1.0,True,True,high_confidence_gp_and_exact_samiti
tonk,Tonk,42121,Bhansu,bhansu,Kekri,Todaraisingh,1,290077,Bhasoo,1,True,0.9090909090909091,bhasu,bhasu,TODARAISINGH,once,1,0,1,OBC,GENW,todaraisingh,todaraisingh,True,1.0,True,True,high_confidence_gp_and_exact_samiti
udaipur,Udaipur,42267,Bhopa Kheda,bhopakheda,Udaipur,Bhinder,1,291692,Beripura,1,True,0.9,bhopa khera,bhopakhera,BHINDAR,once,1,1,0,OBC W,GEN,bhinder,bhindar,False,0.8571428571428571,True,True,high_confidence_gp_and_close_samiti
udaipur,Udaipur,42412,Dadiya,dadiya,Udaipur,Gogunda,1,290577,Undri,1,True,1.0,dadiya,dadiya,GOGUNDA,never,0,0,0,ST,GEN,gogunda,gogunda,True,1.0,True,True,high_confidence_gp_and_exact_samiti
udaipur,Udaipur,42653,Gudel,gudel,Salumbar,Salumbar,1,291713,Gurel,1,True,1.0,gudel,gudel,SALUMBAR,once,1,0,1,ST,STW,salumbar,salumbar,True,1.0,True,True,high_confidence_gp_and_exact_samiti
